HtGene0006	507		NifU protein, putative OS=Plasmodium chabaudi 	Q4Y163
HtGene0007	2871		Peptidase OS=Plasmodium cynomolgi strain 	K6ULV3
HtGene0013	867		Tetratricopeptide repeat family protein, 	Q8IDR6
HtGene0014	2148		Casein kinase II beta chain OS=Plasmodium 	Q8IDR5
HtGene0015	2454		Myosin-A OS=Plasmodium falciparum (isolate 	Q9UAR6
HtGene0017	1716		Phosphoenolpyruvate carboxykinase (Fragment) 	Q9U750
HtGene0018	14325		AP2 family, putative OS=Plasmodium knowlesi 	B3L8H0
HtGene0022	1434		Putative uncharacterized protein OS=Plasmodium 	Q4Z6K1
HtGene0028	1896		Pre-mrna splicing factor, putative (Fragment) 	Q4YBJ2
HtGene0029	1602		Putative ribosomal processing protein 	Q7RH93
HtGene0031	2913		Uncharacterized protein OS=Plasmodium 	Q7RH94
HtGene0032	2211		Pfj1 OS=Plasmodium falciparum PE=3 SV=1	O15811
HtGene0033	1290		NAD(P)-binding protein/reductase OS=Plasmodium 	K6UPW0
HtGene0034	3234		Replication factor a protein OS=Plasmodium 	K6US48
HtGene0039	1185		Uncharacterized protein OS=Plasmodium 	Q7RM76
HtGene0051	1890		UBA/THIF-type NAD/FAD binding protein, 	Q4XZD8
HtGene0052	1236		Aminomethyltransferase, mitochondrial, 	A5K2R0
HtGene0063	3186		Rhoptry protein OS=Plasmodium cynomolgi 	K6UXD2
HtGene0064	450		Nucleoside diphosphate kinase b, putative 	Q8ID43
HtGene0065	1770		Signal recognition particle receptor alpha 	Q4YXZ5
HtGene0069	573		S-phase kinase-associated protein 1A, 	A5K2S5
HtGene0070	1941		U1 small nuclear ribonucleoprotein 70 	K6UKT9
HtGene0077	948		40S ribosomal protein S6, putative OS=Plasmodium 	Q8IDR9
HtGene0078	654		Vacuolar ATP synthase subunit D, putative 	Q8IDS0
HtGene0082	630		60S ribosomal protein L18 OS=Plasmodium 	K6UYJ3
HtGene0083	825		60S ribosomal protein L18a OS=Plasmodium 	K6UE34
HtGene0085	624		Small GTPase rab11b (Fragment) OS=Plasmodium 	K6UVR8
HtGene0092	435		Calmodulin OS=Plasmodium falciparum PE=3 	P24044
HtGene0094	1722		STI1-like protein OS=Plasmodium falciparum 	Q8ILC1
HtGene0095	22347		P-loop containing nucleoside triphospahte 	B3LBE9
HtGene0096	1575		Methionine aminopeptidase OS=Plasmodium 	Q8ILB8
HtGene0097	576		Mitochondrial import inner membrane translocase 	Q8ILB7
HtGene0100	1299		Cytochrome c oxidase assembly protein, 	Q8ILB4
HtGene0108	1503		Cysteine desulfurase, putative OS=Plasmodium 	Q8IBI5
HtGene0109	2190		Modification methylase-like protein, putative 	B3KZQ9
HtGene0110	756		Proteasome subunit alpha type OS=Plasmodium 	B3KZR0
HtGene0115	4728		Integral membrane protein, putative OS=Plasmodium 	B3KZR4
HtGene0116	834		Eukaryotic translation initiation factor 	Q4XMT5
HtGene0129	3408		Putative uncharacterized protein OS=Plasmodium 	Q8I341
HtGene0131	1602		DNA primase, large subunit, putative OS=Plasmodium 	A5K6H8
HtGene0132	1308		Nucleotide binding protein, putative OS=Plasmodium 	B3L3C0
HtGene0133	2085		Actin-like protein, putative OS=Plasmodium 	Q8I345
HtGene0140	3030		Histidyl-tRNA synthetase, putative OS=Plasmodium 	Q7RIB9
HtGene0141	2268		RNA helicase, putative OS=Plasmodium knowlesi 	B3L9W5
HtGene0143	2448		Protein serine/threonine kinase-1 (Fragment) 	Q7R9I8
HtGene0148	1707		Helicase, putative OS=Plasmodium knowlesi 	B3L9V8
HtGene0153	1251		Pyruvate dehydrogenase E1 beta subunit,putative 	B3L9V4
HtGene0166	1548		Vacuolar ATP synthase subunit h, putative 	Q8IEP9
HtGene0168	1182		26s protease regulatory subunit s10b (P44) 	Q7PDR8
HtGene0169	1725		SAM-dependent methyltransferase related 	Q7RLF6
HtGene0182	2748		Protein SEY1 homolog OS=Plasmodium knowlesi 	B3LAJ9
HtGene0183	5808		Putative uncharacterized protein OS=Plasmodium 	Q8ILT4
HtGene0199	4221		Kinesin-related protein, putative OS=Plasmodium 	B3L436
HtGene0206	1449		Transporter, putative OS=Plasmodium vivax 	A5K6L4
HtGene0209	2502		BSD domain, putative OS=Plasmodium falciparum 	Q8I303
HtGene0210	1611		NADH dehydrogenase OS=Plasmodium gallinaceum 	I2FKD5
HtGene0214	4287		6-phosphofructokinase, putative OS=Plasmodium 	Q8I2Z8
HtGene0219	3300		Major facilitator superfamily protein, 	Q7RQY4
HtGene0225	792		40S ribosomal protein SA OS=Plasmodium falciparum 	Q8IJD4
HtGene0226	858		Biotin--acetyl-CoA-carboxylase ligase, 	B3L231
HtGene0230	1284		Merozoite capping protein 1, putative 	B3L235
HtGene0231	531		DNA-directed RNA polymerase II, putative 	Q8IJC9
HtGene0240	1056		FAD synthetase, putative OS=Plasmodium 	A5K7H6
HtGene0241	1218		Conserved protein OS=Plasmodium falciparum 	Q8IJP4
HtGene0243	1959		Methionine aminopeptidase (Fragment) OS=Plasmodium 	Q4Y1K1
HtGene0246	1719		Hsp60, putative OS=Plasmodium knowlesi 	B3L3U9
HtGene0248	2229		Enolase OS=Plasmodium gallinaceum GN=ENO 	I2FKC3
HtGene0256	1548	unique9	Predicted protein (Fragment) OS=Nematostella 	A7T1T8
HtGene0257	5082	unique9	Collagen triple helix repeat, putative 	D8N114
HtGene0264	3096		Regulatory protein, putative OS=Plasmodium 	B3L4H6
HtGene0270	1278		Ubiquitin domain containing protein OS=Plasmodium 	Q8IIM8
HtGene0274	1818		Conserved Plasmodium membrane protein 	Q8IIM4
HtGene0276	1098		Rhomboid protease ROM1, putative OS=Plasmodium 	Q8IIM2
HtGene0286	2466		DNA replication licensing factor MCM7, 	A5KA60
HtGene0287	2544		Origin recognition complex subunit 2, 	Q8IC17
HtGene0289	1071		Dimethyladenosine transferase, putative 	Q7R993
HtGene0297	930		Uracil-DNA glycosylase, putative OS=Plasmodium 	Q4Z181
HtGene0302	1254		MRNA capping enzyme, putative OS=Plasmodium 	Q4Z174
HtGene0308	555		Mannosyltransferase-related OS=Plasmodium 	Q7RLW2
HtGene0309	4854		Kinesin-related protein, putative (Fragment) 	Q4XNS6
HtGene0313	642		Heat shock protein DnaJ homologue Pfj4 	Q7RQ78
HtGene0316	3825		Inositol polyphosphate kinase, putative 	Q8IEF3
HtGene0318	3585		Exportin 1-like protein, putative OS=Plasmodium 	Q8IEF5
HtGene0320	939		Putative uncharacterized protein OS=Plasmodium 	Q4XUB1
HtGene0328	1077		TFIIH basal transcription factor subunit 	Q8IEG6
HtGene0341	687		60S ribosomal protein L13, putative OS=Plasmodium 	Q4X4D3
HtGene0351	678		Putative retrotransposon nucleocapsid 	K1WYI3
HtGene0364	5946		Putative uncharacterized protein OS=Plasmodium 	Q4YS73
HtGene0365	828		rRNA processing protein, putative OS=Plasmodium 	Q8IIR2
HtGene0369	1683		DnaJ domain containing protein OS=Plasmodium 	A5K4B0
HtGene0380	450		60S ribosomal protein L26, putative OS=Plasmodium 	O77364
HtGene0383	1365		Glycogen synthase kinase 3 OS=Plasmodium 	O77344
HtGene0386	2997		Zinc finger protein (Fragment) OS=Plasmodium 	K6UJT2
HtGene0388	1731		Pre-mRNA splicing factor PRP17, putative 	A5K003
HtGene0390	684		Ribulose-phosphate 3-epimerase OS=Plasmodium 	Q4YGS0
HtGene0392	5073		ATPase 2 OS=Plasmodium falciparum PE=4 	Q27720
HtGene0393	6060		Clathrin heavy chain, putative OS=Plasmodium 	Q8I5L6
HtGene0395	3651		Transportin, putative OS=Plasmodium knowlesi 	B3L7D0
HtGene0397	3000		Acetyl-CoA synthetase, putative (Fragment) 	Q4Y5M3
HtGene0399	29358		Ubiquitin-transferase, putative OS=Plasmodium 	B3L7C6
HtGene0401	2412		DNA helicase, putative OS=Plasmodium knowlesi 	B3L2K3
HtGene0404	1776		Eukaryotic translation initiation factor 	Q8I2X0
HtGene0405	1200		Acid phosphatase, putative OS=Plasmodium 	B3L2J8
HtGene0406	2877		78 kDa glucose-regulated protein OS=Plasmodium 	K6UJA6
HtGene0407	1098		ATP binding protein, putative OS=Plasmodium 	B3L2J5
HtGene0428	1485		Vacuolar ATP synthase subunit b, putative 	A5KAN4
HtGene0431	834	unique9	null	null
HtGene0432	1557	unique9	null	null
HtGene0442	2802		Minichromosome maintenance protein 3, 	Q8I3J5
HtGene0443	381		Ubiquitin conjugating enzyme, putative 	Q8I3J4
HtGene0444	2007		Ubiquitin carboxyl-terminal hydrolase 	B3L5Y9
HtGene0447	1674		Hsp70 inoeracting protein, putative OS=Plasmodium 	B3L5Y6
HtGene0450	3144		Beta adaptin protein, putative OS=Plasmodium 	Q8I3I6
HtGene0451	2967		Eukaryotic translation initiation factor 	A5K977
HtGene0454	2550		Eukaryotic translation initiation factor 	A5K909
HtGene0457	4065		Vacuolar protein sorting-associated protein 	Q8I4T1
HtGene0470	4806		Hyptohetical protein, putative (Fragment) 	Q4YN36
HtGene0471	2391		Mitochondrial processing peptidase beta 	Q8MTV6
HtGene0472	2145		Delta tubulin, putative OS=Plasmodium 	B3L312
HtGene0476	3459		DNA excision-repair helicase, putative 	Q4YTZ2
HtGene0481	705		Vacuolar ATP synthase subunit E, putative 	Q8I2H3
HtGene0498	1359		Phosphoribosylpyrophosphate synthetase, 	Q4Z785
HtGene0509	831		60S ribosomal protein L5, putative OS=Plasmodium 	Q8ILL3
HtGene0510	933		Ribosomal protein L7a OS=Plasmodium cynomolgi 	K6UXG6
HtGene0521	1386		Protein transport protein Sec61 alpha 	K6ULC9
HtGene0526	678		14-3-3 protein, putative OS=Plasmodium 	C0H4V6
HtGene0529	708		Putative uncharacterized protein OS=Plasmodium 	A5K5S6
HtGene0532	3048		SNF2-family protein, putative OS=Plasmodium 	B3L1B2
HtGene0533	1032		U3 small nucleolar ribonucleoprotein protein, 	Q4Y4R8
HtGene0534	2019		Heat shock protein 70 OS=Plasmodium yoelii 	Q7RBI5
HtGene0539	5859		Histone acetyltransferase OS=Plasmodium 	Q6RGS5
HtGene0544	1338		Putative ligase in lipoate biosynthesis 	Q7RG48
HtGene0546	966		Mitochondrial 2-oxoglutarate/malate carrier 	A5K5L1
HtGene0549	2010		RNA binding protein, putative OS=Plasmodium 	A5K1J8
HtGene0553	1938		Proteasome subunit, putative OS=Plasmodium 	B3LAY5
HtGene0562	11103	MSP1	Putative uncharacterized protein OS=Plasmodium 	A5K725
HtGene0570	1173		Mitochondrial import receptor subunit 	C6KT11
HtGene0573	912		Putative uncharacterized protein OS=Plasmodium 	C6KT13
HtGene0575	402		Histone H2A OS=Plasmodium yoelii yoelii 	Q7REI8
HtGene0584	4032		Drosophila melanogaster CG13900 gene product 	Q7RIV2
HtGene0599	2025		Putative uncharacterized protein OS=Plasmodium 	Q4XQ57
HtGene0612	2964		NAD synthase, putative OS=Plasmodium falciparum 	Q8I2P2
HtGene0634	4464		Protein phosphatase, putative OS=Plasmodium 	Q8IDE5
HtGene0644	960		Ribosomal protein S5 (Fragment) OS=Plasmodium 	Q7RA04
HtGene0646	588	HDP	Heme ligase OS=Plasmodium falciparum (isolate 	Q8IL04
HtGene0648	516		Centrin OS=Plasmodium cynomolgi strain 	K6UZL0
HtGene0653	1965		Putative uncharacterized protein (Fragment) 	Q4YCG3
HtGene0656	789		Diphthine synthase OS=Plasmodium falciparum 	Q8IJV5
HtGene0657	735		Adenylate kinase, putative OS=Plasmodium 	Q4YSZ8
HtGene0659	1446		Nucleolar protein NOP5, putative OS=Plasmodium 	A5K7A9
HtGene0660	1338		Tubulin beta chain OS=Plasmodium yoelii 	Q7RCR6
HtGene0662	8997		Guanine-nucleotide-exchange-factor OS=Plasmodium 	K6VFT0
HtGene0701	4134		DNA-directed RNA polymerase OS=Plasmodium 	B3L0J5
HtGene0708	2457		Rhoptry neck protein 6 OS=Plasmodium falciparum 	O96229
HtGene0710	2571		Serine/threonine-protein phosphatase OS=Plasmodium 	Q4Z2M2
HtGene0716	1698	THI	Thiamine-phosphate pyrophosphorylase OS=Plasmodium 	Q3MSL9
HtGene0719	1521		Chaperone, putative OS=Plasmodium falciparum 	C6KST5
HtGene0721	5886		Rhoptry protein, putative OS=Plasmodium 	Q8IKG8
HtGene0723	390		60S ribosome subunit biogenesis protein 	Q8IKH0
HtGene0727	3483		26S proteasome subunit, putative OS=Plasmodium 	B3L997
HtGene0730	1494		Chromatin-binding protein, putative OS=Plasmodium 	O96267
HtGene0733	1008		Pseudouridine synthetase, putative OS=Plasmodium 	A5KBT2
HtGene0734	3033		Replication factor C subunit 1, putative 	O96271
HtGene0737	1122		RNA pseudouridylate synthase, putative 	Q8I5D3
HtGene0747	4671		BOP1-like protein, putative OS=Plasmodium 	Q8IM36
HtGene0749	1050		Ribonucleoside-diphosphate reductase small 	P50650
HtGene0757	543	18S_28S	null	null
HtGene0759	1437	Unique1736	null	null
HtGene0764	420		40S ribosomal protein S10, putative OS=Plasmodium 	Q8IBQ5
HtGene0765	7869		Putative uncharacterized protein (Fragment) 	Q4Y066
HtGene0768	924		Prohibitin-like protein, putative OS=Plasmodium 	A5K614
HtGene0770	465		Small GTP-binding protein OS=Plasmodium 	Q9U8B7
HtGene0773	1734		Dihydrofolate reductase/thymidylate synthase 	Q95US9
HtGene0775	2070		Mitochondrial membrane protein OS=Plasmodium 	K6UIT2
HtGene0779	648		Sybindin-like protein, putative OS=Plasmodium 	O77358
HtGene0791	5274		SUMO ligase, putative OS=Plasmodium falciparum 	C0H5J4
HtGene0793	3507		Falcilysin, putative OS=Plasmodium knowlesi 	B3L714
HtGene0794	1182		Poly(A)-binding protein, putative OS=Plasmodium 	A5K2L5
HtGene0798	2076		Uncharacterized protein OS=Plasmodium 	Q7RQ99
HtGene0800	1782		Spliceosome-associated protein 49 (Fragment) 	K6UMD2
HtGene0806	2799		Glycine-tRNA ligase, putative OS=Plasmodium 	Q8ILP6
HtGene0810	5181		POM1, putative (Fragment) OS=Plasmodium 	Q4XZS0
HtGene0812	2007		Putative SAM-dependent methyltransferase 	Q7RT41
HtGene0834	1848		Putative ubiquitin-conjugating enzyme 	Q7RK78
HtGene0835	1035		Nucleosome assembly protein 1, putative 	A5K0D9
HtGene0846	1290		Protein disulfide isomerase OS=Plasmodium 	Q8II23
HtGene0847	1992		Heat shock protein hsp70 homologue, putative 	B3L5E9
HtGene0852	2025	AMA1	Apical membrane antigen 1 (Fragment) OS=Plasmodium 	I4CGZ0
HtGene0854	3585	unique9	Collagen triple helix repeat, putative 	D8N114
HtGene0856	6147		Cysteine-rich surface protein (Fragment) 	C5HDW9
HtGene0861	2577		mRNA decay protein OS=Plasmodium cynomolgi 	K6V6E3
HtGene0862	1230		Nucleolus BRIX protein, putative OS=Plasmodium 	Q8IBG5
HtGene0863	2826		mRNA (N6-adenosine)-methyltransferase, 	Q8I6Z2
HtGene0866	2748		N2,N2-dimethylguanosine tRNA methyltransferase 	Q7RG46
HtGene0872	1944		Translocation protein SEC63, putative 	A5JZH6
HtGene0876	1317		Tat-binding protein homolog OS=Plasmodium 	Q8I4U5
HtGene0887	1068		Putative uncharacterized protein OS=Plasmodium 	Q8IKP4
HtGene0899	1557		Elongation factor Tu OS=Plasmodium knowlesi 	B3L8S5
HtGene0904	1467		Pepsinogen, putative OS=Plasmodium chabaudi 	Q4XNM3
HtGene0906	3201		Regulator of chromosome condensation, 	C0H4M6
HtGene0907	1959		Sin3 associated polypeptide p18-like protein 	K6UHV8
HtGene0925	1068	PTRAMP	Thrombospondin-related apical membrane 	Q8I5M8
HtGene0939	399		G10 protein, putative OS=Plasmodium knowlesi 	B3L635
HtGene0941	4221		Multidrug resistance protein OS=Plasmodium 	Q7RSV7
HtGene0942	1542		Mitochondrial processing peptidase alpha 	A5K9C8
HtGene0947	1377		Dolichyl-diphosphooligosaccharide--protein-glycot 	A5K6R0
HtGene0948	1530		Sugar transporter, putative OS=Plasmodium 	Q8I2V8
HtGene0953	1089		Nucleosome assembly protein 1, putative 	A5K6Q4
HtGene0958	2256		Cysteine-rich surface protein (Fragment) 	C5HXB3
HtGene0961	2589		Heat shock protein 101, putative OS=Plasmodium 	B3L4X1
HtGene0974	525		Cytochrome c oxidase subunit II OS=Plasmodium 	Q7RQ42
HtGene0979	1716		ATP-dependent RNA Helicase, putative OS=Plasmodium 	O97285
HtGene0980	495		Histone H2A OS=Plasmodium yoelii yoelii 	Q7RSC4
HtGene0989	606		Ribosomal protein L1, putative OS=Plasmodium 	B3LA05
HtGene0998	1743	TRSP	Putative uncharacterized protein OS=Plasmodium 	B3KZN6
HtGene1007	303		60S ribosomal protein L27, putative OS=Plasmodium 	A5K3E8
HtGene1012	456		Ribosomal protein S15, putative OS=Plasmodium 	Q7RHQ5
HtGene1018	9033		Putative 26s proteosome regulatory subunit 	B3KZ18
HtGene1022	4521		Protein kinase, putative (Fragment) OS=Plasmodium 	Q4X4M7
HtGene1025	531		Small GTPase Rab6, putative OS=Plasmodium 	A5K5A7
HtGene1029	1155		Vacuolar ATP synthase subunit d, putative 	A5K3A9
HtGene1030	2109		Peptidase, putative OS=Plasmodium knowlesi 	B3L9B1
HtGene1040	1608	TRAP	Thrombospondin related anonymous protein 	Q01508
HtGene1048	4338		ATE-like aminoacyl-tRNA-protein transferase 	Q195H6
HtGene1050	627		SPATR protein, putative OS=Plasmodium 	O96207
HtGene1053	345		40S ribosomal protein S20e, putative OS=Plasmodium 	Q8IK02
HtGene1056	3771		U5 small nuclear ribonuclear protein OS=Plasmodium 	K6UD47
HtGene1058	597		Ribosomal protein l13, putative OS=Plasmodium 	B3L3H1
HtGene1072	2286		Flavodoxin-like protein OS=Plasmodium 	C0H553
HtGene1073	2220		MAC/Perforin, putative OS=Plasmodium falciparum 	Q8I2S3
HtGene1074	2496		DNA-directed RNA polymerase II OS=Plasmodium 	K6URN3
HtGene1077	3021		Cg4 protein OS=Plasmodium falciparum (isolate 	Q8IC01
HtGene1078	660		Plasmodium falciparum CG8 OS=Plasmodium 	Q7REK0
HtGene1080	2169		Heat shock protein 86 OS=Plasmodium falciparum 	Q8IC05
HtGene1092	702		Vesicle-associated membrane protein, putative 	B3LA19
HtGene1093	588		Triosephosphate isomerase OS=Plasmodium 	I2FKC0
HtGene1101	3189		5'-3' exonuclease, putative OS=Plasmodium 	B3L0V5
HtGene1112	1647		U3 small nucleolar ribonucleoprotein, 	Q8IM49
HtGene1120	2559		Kelch protein, putative OS=Plasmodium 	Q8IDQ2
HtGene1129	2595		Polyadenylate-binding protein, putative 	B3LCN2
HtGene1134	1791		Putative uncharacterized protein OS=Plasmodium 	A5K037
HtGene1141	4764		DNA repair endonuclease, putative OS=Plasmodium 	O96154
HtGene1145	1626		Metabolite/drug transporter, putative 	Q8I3V1
HtGene1160	3072		Alanine--tRNA ligase, putative OS=Plasmodium 	B3L6U2
HtGene1163	1884		Putative FAD-dependent glycerol-3-phosphate 	Q7RDW7
HtGene1167	1788		T-complex protein beta subunit, putative 	B3L4C8
HtGene1168	426		40S ribosomal protein S23, putative OS=Plasmodium 	O97248
HtGene1173	5638		ADA2-like protein (Fragment) OS=Plasmodium 	Q9U6L1
HtGene1175	849		Prohibitin, putative OS=Plasmodium vivax 	A5K7H2
HtGene1178	4212		Putative uncharacterized protein OS=Plasmodium 	Q4Z3Q0
HtGene1179	1605		T-complex protein 1 subunit delta OS=Plasmodium 	C0H5I7
HtGene1185	981		Histone H2B OS=Plasmodium yoelii yoelii 	Q7RLD0
HtGene1191	7925		RuvB-like 1, putative OS=Plasmodium vivax 	A5JZT2
HtGene1192	1416		Transporter (Fragment) OS=Plasmodium cynomolgi 	K6V1A6
HtGene1195	2796		Monooxygenase, putative OS=Plasmodium 	Q7RGA6
HtGene1196	2634		Importin beta, putative OS=Plasmodium 	Q8IAY9
HtGene1205	1608		T-complex protein 1 epsilon subunit, putative 	O97282
HtGene1206	1731		CPW-WPC family protein OS=Plasmodium falciparum 	C0H481
HtGene1210	6372		Transporter, putative OS=Plasmodium knowlesi 	B3L408
HtGene1215	963		Pyruvate kinase OS=Plasmodium gallinaceum 	I2FKC4
HtGene1223	288		ATP synthase subunit C, putative OS=Plasmodium 	Q7RC85
HtGene1224	3234		Methyltransferase, putative OS=Plasmodium 	Q8IDF8
HtGene1228	735		Proteasome subunit alpha type OS=Plasmodium 	B3L786
HtGene1229	546		Proteasome subunit alpha type OS=Plasmodium 	B3L787
HtGene1232	1596		ATP-dependent DNA helicase, putative OS=Plasmodium 	Q8ID85
HtGene1239	4146		DNA mismatch-repair protein, putative 	B3KZ15
HtGene1243	4818		LCCL domain-containing protein CCP3 OS=Plasmodium 	Q8IM24
HtGene1244	1194		Fe-S-cluster redox enzyme OS=Plasmodium 	K6UEM7
HtGene1245	840		Putative uncharacterized protein OS=Plasmodium 	Q4XN36
HtGene1246	573		Vacuolar protein sorting 29, putative 	B3LAU3
HtGene1255	2538		Endoplasmin homolog, putative OS=Plasmodium 	Q8I0V4
HtGene1260	2490		Putative splicing factor OS=Plasmodium 	Q7RDI7
HtGene1265	1191	Unique1736	null	null
HtGene1266	6990	Unique9	null	null
HtGene1267	3039	Unique9	null	null
HtGene1275	459		Uncharacterized protein OS=Plasmodium 	Q7RQV4
HtGene1277	1173		GTP-ase activating protein for Arf containing 	K6UN86
HtGene1288	2136		Ferrodoxin reductase-like protein OS=Plasmodium 	Q8IBP8
HtGene1291	2907		DNA replication licensing factor MCM4, 	A5JZG0
HtGene1292	2307		Ubiquitin Carboxyl-terminal Hydrolase-like 	Q4YTH2
HtGene1294	4170		Putative uncharacterized protein (Fragment) 	Q4XZP4
HtGene1296	2304		Choline-phosphate cytidylyltransferase OS=Plasmodium 	P49587
HtGene1299	594		40S ribosomal protein S15/S19, putative 	C0H5C2
HtGene1302	618		Ferredoxin, putative OS=Plasmodium vivax 	A5JZH0
HtGene1309	1254		Ornithine aminotransferase OS=Plasmodium 	Q07805
HtGene1310	1371		Putative uncharacterized protein OS=Plasmodium 	B3L7R2
HtGene1314	1887		Binding protein, putative OS=Plasmodium 	O97224
HtGene1316	543		Thioredoxin-like redox-active protein, 	B3L4G4
HtGene1319	3966		Leucyl-trna synthetase, cytoplasmic, putative 	B3L7I1
HtGene1328	1308		Cytochrome c1 OS=Plasmodium gallinaceum 	I2FKD6
HtGene1336	1317		Lipoate-protein ligase A type 2 OS=Plasmodium 	Q8I2S0
HtGene1339	774		RNA-binding protein, putative OS=Plasmodium 	A5K6V3
HtGene1344	1137		Thiamin pyrophosphokinase, putative OS=Plasmodium 	B3L2R0
HtGene1350	2115		Hydrolase, alpha/beta fold family, putative 	Q7RD53
HtGene1351	2775		PA14 domain containing protein OS=Plasmodium 	A5K3P2
HtGene1356	2433		Elongation factor 2 OS=Plasmodium falciparum 	Q8IKW5
HtGene1362	1518		Structure specific recognition protein 	Q8IL56
HtGene1364	1761		Putative uncharacterized protein (Fragment) 	Q4YBL6
HtGene1369	2301		Pescadillo N-terminus domain containing 	A5K4A1
HtGene1371	1347		Rad51 homolog, putative OS=Plasmodium 	Q4Z3S5
HtGene1384	2022		Similar to U3 snoRNP-associated 55-kDa 	Q4YW78
HtGene1400	6051		Malaria antigen OS=Plasmodium yoelii yoelii 	Q7RRF2
HtGene1401	1893		Malaria antigen, putative (Fragment) OS=Plasmodium 	Q4YY49
HtGene1407	714		Appr-1-p processing enzyme OS=Plasmodium 	K6VFM4
HtGene1410	5130		Chloroquine resistance marker protein 	Q968T7
HtGene1419	2715		Initiation factor 2 subunit family, putative 	Q8IJQ6
HtGene1425	699		Splicing factor 3a subunit, putative OS=Plasmodium 	C6KT39
HtGene1437	741		RNA binding protein OS=Plasmodium cynomolgi 	K6UUX6
HtGene1439	489		Thioredoxin domain containing protein 	A5K787
HtGene1445	921		Co-chaperone GrpE, putative OS=Plasmodium 	A5K4Q7
HtGene1451	1752		Aminomethyl transferase domain containing 	A5K3N6
HtGene1453	1623		Rhoptry neck protein 2 (Fragment) OS=Plasmodium 	B9A5A0
HtGene1454	4248		Rhoptry neck protein 2 (Fragment) OS=Plasmodium 	I0J1H7
HtGene1456	2715		Sortilin, putative OS=Plasmodium knowlesi 	B3L9P9
HtGene1464	504		DNA primase OS=Plasmodium knowlesi (strain 	B3LA31
HtGene1465	873		2-Cys peroxiredoxin OS=Plasmodium falciparum 	Q9N699
HtGene1467	8022		PfS230 paralog-related (Fragment) OS=Plasmodium 	Q7RHX6
HtGene1474	3177		Valine-tRNA ligase, putative OS=Plasmodium 	Q8IKL5
HtGene1479	5856		Dihydrolipoamide acyltransferase, putative 	Q8IJJ4
HtGene1480	501		ADP-ribosylation factor 1 OS=Plasmodium 	Q25761
HtGene1484	1377		Plasmepsin OS=Plasmodium malariae PE=1 	O60990
HtGene1491	1248		Putative uncharacterized protein OS=Plasmodium 	A5K4Y5
HtGene1494	1230		Eukaryotic initiation factor, putative 	A5K665
HtGene1496	8214		U5 small nuclear ribonucleoprotein-specific 	A5K663
HtGene1498	1248		Alpha-tubulin ii OS=Plasmodium falciparum 	Q8IFP3
HtGene1500	4986		Multidrug resistance protein 1 OS=Plasmodium 	D0QF05
HtGene1501	5160		Conserved Plasmodium membrane protein 	Q8I5C8
HtGene1505	1206		S-adenosylmethionine synthetase OS=Plasmodium 	Q7RBA1
HtGene1507	3063		Phosphoglycerate kinase OS=Plasmodium 	I2FKC2
HtGene1508	6531		Pre-mRNA splicing factor protein OS=Plasmodium 	K6UD13
HtGene1519	657		60S ribosomal protein L10, putative OS=Plasmodium 	A5K186
HtGene1524	1131		DNAJ protein, putative OS=Plasmodium falciparum 	Q8ILV6
HtGene1525	1479		Diphthamide biosynthesis protein 1 OS=Plasmodium 	Q4Y626
HtGene1534	2262		Putative uncharacterized protein OS=Plasmodium 	A5JZ84
HtGene1536	5286		Putative uncharacterized protein OS=Plasmodium 	A5K7C7
HtGene1540	7845		Kinesin-like protein, putative OS=Plasmodium 	B3L3N8
HtGene1549	1758		Vacuolar ATP synthase catalytic subunit 	A5JZB0
HtGene1550	3396		M1-family aminopeptidase OS=Plasmodium 	Q8IEK1
HtGene1554	2490		Deoxyribodipyrimidine photolyase, putative 	A5K9M1
HtGene1557	1671		Adrenodoxin reductase, putative OS=Plasmodium 	B3L5K2
HtGene1559	1347		AAA family ATPase OS=Plasmodium cynomolgi 	K6VBU7
HtGene1563	501		Ubiquitin related modifier homologue OS=Plasmodium 	Q8IHY3
HtGene1572	588		Proteasome subunit beta type OS=Plasmodium 	Q7RA40
HtGene1574	540		Exported protein 2 OS=Plasmodium falciparum 	Q8IKC8
HtGene1577	513		RNA binding protein, putative OS=Plasmodium 	Q8IDA4
HtGene1581	906		Histone binding protein, putative OS=Plasmodium 	Q8I5Y9
HtGene1582	3279		Conserved Plasmodium protein OS=Plasmodium 	Q8I5Z0
HtGene1585	1116		UMP-CMP kinase, putative OS=Plasmodium 	Q8I231
HtGene1589	1374		Histone deacetylase OS=Plasmodium falciparum 	Q9XYC7
HtGene1591	2613		Adapter-related protein complex 4 beta 	K6UCD9
HtGene1595	1269		Rhoptry protein, putative OS=Plasmodium 	B3L364
HtGene1603	1110		SNARE protein, putative OS=Plasmodium 	Q8I4Z9
HtGene1607	5265		Putative uncharacterized protein OS=Plasmodium 	C6KSN6
HtGene1614	5940		DNA repair protein RAD50 OS=Plasmodium 	K6UE00
HtGene1615	588		WD domain G-beta repeat domain containing 	K6URB1
HtGene1622	2061		Transmembrane protein (Fragment) OS=Plasmodium 	K6UKA4
HtGene1625	3681		Subtilisin-like protease 2, putative OS=Plasmodium 	B3L5H8
HtGene1628	858		Mitochondrial carrier protein, putative 	C0H498
HtGene1631	2637		Putative uncharacterized protein (Fragment) 	Q4YHK8
HtGene1636	3468		Bromodomain protein, putative OS=Plasmodium 	B3LCC5
HtGene1638	1053		Iron-sulfur subunit of succinate dehydrogenase 	I2FKC9
HtGene1642	657		Cytochrome c oxidase subunit 2, putative 	Q8ID89
HtGene1644	825		Proliferating cell nuclear antigen, putative 	B3L702
HtGene1648	870		Translation elongation factor EF-1, subunit 	Q8IIC9
HtGene1652	420		High mobility group-like protein NHP2, 	Q4YAU4
HtGene1657	3150		Cysteine-rich surface protein (Fragment) 	C5HX71
HtGene1662	621		Iron-sulfur assembly protein, putative 	O96161
HtGene1665	654		Heat shock protein hslv OS=Plasmodium 	Q8I5B6
HtGene1670	4026		DNA-directed RNA polymerase (Fragment) 	Q4Z4B5
HtGene1671	1695		Drosophila melanogaster CG11779 gene product, 	Q7RAE2
HtGene1688	1146		mRNA cleavage factor-like protein, putative 	Q8I0V9
HtGene1689	6780		Sequestrin, putative (Fragment) OS=Plasmodium 	Q4YNY0
HtGene1690	3300		Sequestrin, putative (Fragment) OS=Plasmodium 	Q4YNY0
HtGene1695	5508		P-type ATPase, putative OS=Plasmodium 	Q4YZA7
HtGene1697	375		Ubiquitin--protein ligase, putative (Fragment) 	Q4YKG1
HtGene1698	2460		Endonuclease/exonuclease/phosphatase domain 	K6UV61
HtGene1707	2547		Cysteine-rich surface protein (Fragment) 	C5HX85
HtGene1711	2751		Helicase with Zn-finger motif, putative 	Q8I353
HtGene1714	5559		Sequestrin, putative (Fragment) OS=Plasmodium 	Q4YNY0
HtGene1715	8661		Pre-mRNA splicing factor, putative OS=Plasmodium 	B3KZY4
HtGene1718	1443		Pseudouridine synthase, putative OS=Plasmodium 	Q8ILS0
HtGene1727	1251		Mannose-1-phosphate guanyltransferase, 	Q8ILP1
HtGene1740	3399		Coatomer complex beta subunit, putative 	A5K6C9
HtGene1746	1665		AP endonuclease 1 OS=Plasmodium yoelii 	Q7RCQ2
HtGene1748	3195		Nucleotidyltransferase, putative OS=Plasmodium 	Q8IE04
HtGene1750	3546		Putative uncharacterized protein OS=Plasmodium 	B3L8R1
HtGene1751	888		Qa-SNARE protein, putative OS=Plasmodium 	Q8IE08
HtGene1753	1320		ATPase, putative OS=Plasmodium falciparum 	Q8IKQ5
HtGene1765	1869		Rhomboid protease OS=Plasmodium cynomolgi 	K6VCS7
HtGene1766	1224		60S ribosomal protein L4, putative OS=Plasmodium 	Q8I431
HtGene1767	2256		Subtilisin-like 1 serine protease OS=Plasmodium 	E6Y8B9
HtGene1771	945		Ribosomal phosphoprotein (Fragment) OS=Plasmodium 	Q705J5
HtGene1772	1356		26S protease subunit regulatory subunit 	B3L5B0
HtGene1776	1179		26S proteasome AAA-ATPase subunit RPT3, 	Q8I1V1
HtGene1777	1341		Lysine decarboxylase (Fragment) OS=Plasmodium 	K6UT61
HtGene1778	993		Apicoplast ribosomal protein L10, putative 	Q8I1U9
HtGene1781	3534		DNA replication licensing factor MCM2, 	A5K152
HtGene1794	1080		Ribonuclease OS=Plasmodium falciparum 	C6KT75
HtGene1796	5466		Protein kinase, putative (Fragment) OS=Plasmodium 	Q4Z4Y3
HtGene1798	2085		Transcription or splicing factor-like 	C6KT72
HtGene1802	2562		Mitogen-activated protein kinase 1 OS=Plasmodium 	K6UM91
HtGene1804	1932		GTPase, putative OS=Plasmodium knowlesi 	B3LA78
HtGene1811	576		Flavoprotein, putative OS=Plasmodium berghei 	Q4YYT0
HtGene1819	1236		3-oxoacyl-[acyl-carrier-protein] synthase 	A5K295
HtGene1826	5139		Tryptophan--tRNA ligase, putative OS=Plasmodium 	Q8IDW3
HtGene1827	957		Nuclear distribution gene C homolog OS=Plasmodium 	Q7RB97
HtGene1830	1653		T-complex protein 1 subunit alpha OS=Plasmodium 	Q8II43
HtGene1833	585		Ubiquitin-conjugating enzyme E2 I OS=Plasmodium 	K6VE24
HtGene1839	1221		Putative DNA repair protein RAD23 OS=Plasmodium 	Q7RPE6
HtGene1854	684		Apicoplast 1-acyl-sn-glycerol-3-phosphate 	Q8IL28
HtGene1857	2892		Putative uncharacterized protein (Fragment) 	Q4YQR7
HtGene1861	1194		Eukaryotic peptide chain release factor 	A5KBZ9
HtGene1864	2337		Arginine N-methyltransferase 5, putative 	A5K2L6
HtGene1865	2730		Vesicle transport protein, putative OS=Plasmodium 	B3L711
HtGene1870	1161		Proliferation-associated protein, putative 	B3LAB0
HtGene1881	9942		Putative uncharacterized protein OS=Plasmodium 	Q8IKF6
HtGene1888	789		40S ribosomal protein S3a OS=Plasmodium 	O97313
HtGene1891	2994		Sporozoite invasion-associated protein 	K6US41
HtGene1892	1980		Flap endonuclease 1 OS=Plasmodium knowlesi 	B3L014
HtGene1901	1770		Ribosomal RNA methyltransferase OS=Plasmodium 	K6V932
HtGene1914	498		Proteasome subunit alpha, putative OS=Plasmodium 	Q8IAR3
HtGene1919	1395		Tyrosyl-tRNA synthetase, putative OS=Plasmodium 	Q8IAR7
HtGene1938	1887		Delta-aminolevulinic acid synthetase OS=Plasmodium 	Q8I4X1
HtGene1950	1020		DnaJ domain containing protein OS=Plasmodium 	A5K327
HtGene1953	825		Cyclin 4, putative OS=Plasmodium vivax 	A5JZ40
HtGene1957	7695		ERYTHROCYTE MEMBRANE PROTEIN PFEMP3 (Fragment) 	Q7PDK5
HtGene1960	1785		Aspartyl-tRNA synthetase, putative OS=Plasmodium 	Q7RPE8
HtGene1977	17952		Cysteine repeat modular protein 4, putative 	Q8IK84
HtGene1979	1200		RNA helicase-1 OS=Plasmodium cynomolgi 	Q9U937
HtGene1980	2463		U2 snRNP auxiliary factor, putative OS=Plasmodium 	A5K369
HtGene1981	2469		Guanylyl cyclase OS=Plasmodium yoelii 	Q7RGI5
HtGene1985	1548		DNA polymerase delta small subunit, putative 	Q4Z5F9
HtGene1986	1728	TLP	Putative uncharacterized protein OS=Plasmodium 	B3L7N9
HtGene1994	2604		Cysteine-rich surface protein (Fragment) 	C5HDX5
HtGene1996	6726		DNA repair endonuclease, subunit (Fragment) 	Q7RGQ8
HtGene1999	2898		Transcription elongation factor TFIIS.h, 	Q7RQ02
HtGene2001	2616		Putative uncharacterized protein (Fragment) 	Q4XYU1
HtGene2002	5139		Sec24-related protein, putative OS=Plasmodium 	B3KZY1
HtGene2005	2199		Sequestrin, putative (Fragment) OS=Plasmodium 	Q4YNY0
HtGene2016	1683		T-complex protein 1, theta subunit, putative 	A5KBY3
HtGene2017	6744		Sec31p putative OS=Plasmodium falciparum 	O96221
HtGene2027	1170		26S proteasome subunit, putative OS=Plasmodium 	B3L267
HtGene2028	2121		Glycoprotease, putative OS=Plasmodium 	Q8IJ99
HtGene2036	9213		DNA-directed RNA polymerase OS=Plasmodium 	K6VCM3
HtGene2046	1584		Zinc finger protein, putative OS=Plasmodium 	C0H4E5
HtGene2049	2433		Cysteine-rich surface protein (Fragment) 	C5HDV9
HtGene2055	1578		Lysine--tRNA ligase OS=Plasmodium yoelii 	Q7RT79
HtGene2057	1221		ATP binding protein, putative OS=Plasmodium 	B3L895
HtGene2060	990		Actin, putative OS=Plasmodium vivax (strain 	A5K4C3
HtGene2064	981		Replication factor c subunit 5, putative 	B3L4R3
HtGene2105	4860		LCCL domain-containing protein CCP2 OS=Plasmodium 	K6VFH5
HtGene2112	2400		Nucleolar GTP-binding protein 1 OS=Plasmodium 	Q7RK07
HtGene2114	2124	falcipain	Vivapain OS=Plasmodium cynomolgi strain 	K6UDD9
HtGene2120	8640		Biotin carboxylase subunit of acetyl CoA 	B3L960
HtGene2133	1023		Replication factor C3 OS=Plasmodium falciparum 	Q9GR09
HtGene2140	552		S4 domain, putative OS=Plasmodium yoelii 	Q7RH50
HtGene2144	2001		Splicing factor 3B subunit 2 OS=Plasmodium 	K6ULS0
HtGene2145	1317		Serine hydroxymethyltransferase, putative 	Q4YUP8
HtGene2147	3075		TetQ family GTPase, putative OS=Plasmodium 	Q4Y0B9
HtGene2148	4536		Putative uncharacterized protein (Fragment) 	Q4YUC0
HtGene2150	2148		Putative uncharacterized protein OS=Plasmodium 	A5K6J2
HtGene2156	3699		Exoribonuclease, putative OS=Plasmodium 	A5K6G3
HtGene2167	3132		Putative uncharacterized protein OS=Plasmodium 	A5K2K0
HtGene2169	1971		Bromodomain protein, putative OS=Plasmodium 	Q8IJ72
HtGene2172	2622		Sec1 family OS=Plasmodium yoelii yoelii 	Q7RS95
HtGene2173	660		Proliferating cell nuclear antigen OS=Plasmodium 	Q8WSN0
HtGene2187	585		40S ribosomal protein S5, putative OS=Plasmodium 	Q8IBN5
HtGene2194	804		Proteasome subunit beta type OS=Plasmodium 	Q4YSX6
HtGene2197	1503		Signal recognition particle SRP54, putative 	Q8IKX4
HtGene2201	8469		Clathrin coat assembly protein, putative 	Q8IIH2
HtGene2206	4041		Regulator of nonsense transcripts, putative 	Q8IJY4
HtGene2215	5817		DNA repair protein, putative OS=Plasmodium 	B3L6L5
HtGene2225	600		G-beta repeat protein OS=Plasmodium cynomolgi 	K6UVM9
HtGene2230	2718		Methionine--trna ligase, putative OS=Plasmodium 	B3L2B7
HtGene2235	4449		GTPase, putative OS=Plasmodium falciparum 	C0H4V2
HtGene2240	6492		CCR4-Not complex subunit, putative OS=Plasmodium 	B3L4J0
HtGene2242	2445		Uncharacterized protein OS=Plasmodium 	Q7RRG4
HtGene2246	7074		DNA-directed RNA polymerase OS=Plasmodium 	A5K7P4
HtGene2251	1017		26S proteasome regulatory subunit, putative 	Q8I323
HtGene2252	10246		Guanylyl cyclase OS=Plasmodium falciparum 	Q9N9H5
HtGene2264	1335	MTRAP	Putative uncharacterized protein OS=Plasmodium 	A5KE06
HtGene2267	510		Deoxyuridine 5'-triphosphate nucleotidohydrolase, 	Q8II92
HtGene2282	447		40S ribosomal protein S14, putative OS=Plasmodium 	Q8I3U6
HtGene2285	1116		Putative uncharacterized protein OS=Plasmodium 	Q4YN29
HtGene2300	3609		3'-5' exonuclease, putative OS=Plasmodium 	B3L9S0
HtGene2304	2088		Nucleolar preribosomal assembly protein, 	C0H549
HtGene2309	537		ER lumen protein retaining receptor OS=Plasmodium 	A5K2E5
HtGene2321	780		Fe-S-cluster redox enzyme, putative OS=Plasmodium 	Q8I2T9
HtGene2323	2553		ATP-dependent helicase, putative OS=Plasmodium 	B3L6M6
HtGene2329	714		GTP-binding nuclear protein Ran OS=Plasmodium 	K6VB80
HtGene2330	2415		Dna mismatch repair protein mlh1, putative 	B3L4Y1
HtGene2333	2118		YL1 nuclear protein, putative OS=Plasmodium 	B3L9C0
HtGene2341	2142		Transporter, putative OS=Plasmodium falciparum 	Q8I3M7
HtGene2343	3378		Karyopherin beta OS=Plasmodium falciparum 	Q8I3M5
HtGene2348	2505		DEAD-box RNA helicase, putative OS=Plasmodium 	Q4Z161
HtGene2353	777		Putative uncharacterized protein OS=Plasmodium 	B3L4L0
HtGene2363	3078		Dna gyrase subunit b, putative (Fragment) 	Q4X598
HtGene2365	510		Protein phosphatase, putative (Fragment) 	Q4Y6P2
HtGene2366	2598		Rna helicase, putative OS=Plasmodium knowlesi 	B3LCA3
HtGene2370	2373		Protein kinase domain, putative (Fragment) 	Q7RKS7
HtGene2380	1176		Rna methyltransferase, putative OS=Plasmodium 	B3L606
HtGene2392	1455		AP endonuclease (DNA-[apurinic or apyrimidinic 	O97240
HtGene2400	1578		Putative uncharacterized protein OS=Plasmodium 	Q8ILM8
HtGene2404	3150		Putative uncharacterized protein OS=Plasmodium 	A5K879
HtGene2406	2607		Krox-like protein. putative OS=Plasmodium 	C0H5G9
HtGene2409	1815		Putative uncharacterized protein OS=Plasmodium 	B3L8G0
HtGene2412	1407		Probable ribosome biogenesis protein PFL0985c 	Q8I5K8
HtGene2414	3495		Putative uncharacterized protein OS=Plasmodium 	A5K005
HtGene2426	1134		Ring-infected erythrocyte surface antigen 	Q7RH32
HtGene2433	3876		Exportin 1, putative OS=Plasmodium knowlesi 	B3L4H1
HtGene2434	2313		N-ethylmaleimide-sensitive fusion protein,putative 	B3L4H0
HtGene2437	1737		Glucose-6-phosphate isomerase OS=Plasmodium 	Q8ILA4
HtGene2449	2697		Glutaminyl-tRNA synthetase, putative OS=Plasmodium 	Q8IE10
HtGene2453	1416		Ubiquitin C-terminal hydrolase family 	K6UDE2
HtGene2458	1182		Conserved GTP-binding protein, putative 	Q4Z568
HtGene2460	1848		Putative uncharacterized protein (Fragment) 	Q4XWA1
HtGene2467	4278		Similar to suppressor of Ty 5 homolog 	Q7RJZ3
HtGene2482	2352		RNA helicase, putative OS=Plasmodium falciparum 	Q8IJI8
HtGene2486	9849		TRAP-related protein OS=Plasmodium falciparum 	Q8IL45
HtGene2489	1629		Seryl-trna synthetase, putative OS=Plasmodium 	B3L070
HtGene2496	1860		RNAse L inhibitor protein, putative OS=Plasmodium 	B3L6T7
HtGene2497	978		Proteasome regulatory subunit, putative 	Q8ID28
HtGene2498	4323		Coatomer alpha subunit, putative OS=Plasmodium 	B3L7Y9
HtGene2506	1755		Eukaryotic translation initiation factor 	A5K7A0
HtGene2509	2628		RNA binding function, putative OS=Plasmodium 	A5K2C5
HtGene2510	1728		Transmembrane amino acid transporter protein, 	A5K2C6
HtGene2514	1692		Protein phosphatase 2C domain containing 	K6UW94
HtGene2519	2865		Vacuolar protein sorting 35-related OS=Plasmodium 	Q7RNR9
HtGene2523	4086		RNA helicase , putative (Fragment) OS=Plasmodium 	Q4YV55
HtGene2524	5853		Rhoptry neck protein 3, putative OS=Plasmodium 	Q8I4R5
HtGene2525	819		Prohibitin, putative. prohibitin, putative 	B3L0Z7
HtGene2526	624		Putative uncharacterized protein OS=Plasmodium 	C0H4Y8
HtGene2527	1572		Small GTPase Rab5c, putative OS=Plasmodium 	A5K9U6
HtGene2529	1620		PfAARP2 protein, putative (Fragment) OS=Plasmodium 	Q4Z720
HtGene2536	1881		Erythrocyte membrane-associated antigen 	K6UIU3
HtGene2537	12210		Erythrocyte membrane-associated antigen, 	Q8IFP4
HtGene2540	555		41-2 antigen OS=Plasmodium falciparum 	Q549B9
HtGene2541	1263		DnaJ domain containing protein OS=Plasmodium 	A5K0M3
HtGene2543	1920		eIF2A OS=Plasmodium falciparum (isolate 	Q8IL87
HtGene2544	1603		Poly(A) polymerase PAP, putative OS=Plasmodium 	Q4Z667
HtGene2546	4674		DNA polymerase 1 OS=Plasmodium cynomolgi 	K6UDW4
HtGene2548	1596		Methylase, putative OS=Plasmodium knowlesi 	B3L886
HtGene2554	1680		Importin subunit alpha OS=Plasmodium vivax 	A5JZQ5
HtGene2555	3156		Putative uncharacterized protein (Fragment) 	Q4XT24
HtGene2561	1677		Actin, putative OS=Plasmodium berghei 	Q4YWC7
HtGene2568	3714		Cell cycle control protein, putative (Fragment) 	Q4YUK4
HtGene2569	1413	Unique1736	null	null
HtGene2572	1014	Unique1736	null	null
HtGene2580	1392		Eukaryotic translation initiation factor,putative 	B3LAR0
HtGene2592	1626		GMP synthetase, putative OS=Plasmodium 	A5K7F1
HtGene2597	906		Phosphatidylglycerophosphate synthase 	B3L191
HtGene2599	1161	CSP?	null	null
HtGene2600	687		1-cys-glutaredoxin-like protein-1 OS=Plasmodium 	Q7K5X2
HtGene2601	312		PV1H14140_P OS=Plasmodium vivax GN=PV1H14140w 	Q962K6
HtGene2608	2370		Transcription factor IIIb subunit, putative 	Q8IKY2
HtGene2613	537		40S ribosomal protein S18, putative OS=Plasmodium 	Q8IIA2
HtGene2614	1059		60S ribosomal protein L34-a, putative 	Q4Z6Z6
HtGene2615	1479		Nucleotide excision repair protein, putative 	Q8IBY6
HtGene2619	1200		Nucleolar preribosomal assembly protein, 	O96138
HtGene2630	2280		PfSec23 protein OS=Plasmodium falciparum 	Q8IB60
HtGene2635	2739		Vacuolar proton-translocating ATPase subunit 	B3KZ79
HtGene2637	378		Gas41 homologue, putative OS=Plasmodium 	C0H4S5
HtGene2641	3708		Putative uncharacterized protein OS=Plasmodium 	A5KA56
HtGene2646	1662		T-complex protein 1, gamma subunit, putative 	Q8I5C4
HtGene2652	4827		Calcium-dependent protein kinase, putative 	Q8IID5
HtGene2659	2412		DeliriumA (Fragment) OS=Plasmodium yoelii 	Q7RKW2
HtGene2669	3621		Cloroquine resistance associated protein 	K6UPC6
HtGene2678	1614		Ethanolamine-phosphate cytidylyltransferase,putative 	B3L8B6
HtGene2682	6270		Myosin OS=Plasmodium falciparum (isolate 	Q8IE50
HtGene2683	3399		SET domain protein, putative OS=Plasmodium 	Q8I1Z0
HtGene2687	3762		Putative uncharacterized protein OS=Plasmodium 	Q4XZG4
HtGene2693	7638		Guanidine nucleotide exchange factor (Fragment) 	O61072
HtGene2696	3612		Isoleucyl-tRNA synthetase, putative OS=Plasmodium 	Q7RNG8
HtGene2697	744		Eukaryotic translation initiation factor 	K6ULH8
HtGene2701	5142		Helicase, putative OS=Plasmodium vivax 	A5K7V8
HtGene2704	6117		Putative uncharacterized protein (Fragment) 	Q4Y1I1
HtGene2706	1425		eIF-4A-like DEAD family RNA helicase OS=Plasmodium 	K6UQC1
HtGene2712	2565		Ribonucleoside-diphosphate reductase OS=Plasmodium 	Q8IL94
HtGene2719	7431		DNA repair protein rad54, putative OS=Plasmodium 	B3KZB3
HtGene2731	1506		Cytochrome c oxidase assembly protein 	A5K9G5
HtGene2732	402		40S ribosomal protein S24 OS=Plasmodium 	Q8I3R6
HtGene2735	9981		Chromodomain-helicase-DNA-binding protein 	K6UTL7
HtGene2745	528		Histone h3, putative OS=Plasmodium knowlesi 	B3L8P6
HtGene2747	1506		Coatomer delta subunit, putative OS=Plasmodium 	B3L5F7
HtGene2748	4230		DNA-directed RNA polymerase OS=Plasmodium 	Q7RER1
HtGene2751	3396		Calcium-dependent ATPase OS=Plasmodium 	Q30CZ5
HtGene2757	1506		Glycerol kinase, putative OS=Plasmodium 	B3L878
HtGene2758	621		Putative uncharacterized protein (Fragment) 	Q4YIA1
HtGene2763	1024		Putative uncharacterized protein (Fragment) 	Q4XIH9
HtGene2771	2994		Sequestrin, putative (Fragment) OS=Plasmodium 	Q4YNY0
HtGene2798	3012		Conserved Plasmodium membrane protein 	Q8I5Y6
HtGene2799	1071		IMP-specific 5'-nucleotidase, putative 	B3LB46
HtGene2800	2700		Eukaryotic translation initiation factor 	Q4XXD2
HtGene2805	876		DHHC zinc finger OS=Plasmodium cynomolgi 	K6UW07
HtGene2808	5157		RNA binding protein, putative OS=Plasmodium 	Q8IJI3
HtGene2815	2670		Glutamate--tRNA ligase OS=Plasmodium cynomolgi 	K6VEA2
HtGene2816	3828		Kinesin OS=Plasmodium cynomolgi strain 	K6UJQ5
HtGene2820	2547		Cell division cycle protein 48 homologue 	K6UDX5
HtGene2831	1518		Coproporphyrinogen oxidase, putative OS=Plasmodium 	Q8IHU1
HtGene2833	1977		DNA replication licensing factor MCM5, 	A5K0L6
HtGene2835	3942		P-type ATPase4 OS=Plasmodium falciparum 	Q9U445
HtGene2842	1167		Sec62, putative OS=Plasmodium falciparum 	Q8IL86
HtGene2844	543		Bet3 transport protein, putative OS=Plasmodium 	Q8I1Q2
HtGene2845	3018		Exonuclease i, putative OS=Plasmodium 	Q4Y9H0
HtGene2846	2334		Putative uncharacterized protein OS=Plasmodium 	Q8I2I8
HtGene2867	1860		Prolyl-t-RNA synthase, putative OS=Plasmodium 	Q8I2Q5
HtGene2872	3516		DNA-repair helicase, putative OS=Plasmodium 	B3LAT1
HtGene2877	5949		Ubiquitination-mediated degradation component, 	C0H4Y0
HtGene2878	864		SNARE protein, putative OS=Plasmodium 	Q8IB99
HtGene2896	1551		Putative uncharacterized protein OS=Plasmodium 	A5K9C5
HtGene2901	2010		Mrna capping enzyme, putative OS=Plasmodium 	B3L3Y0
HtGene2903	3693		O-acyltransferase OS=Plasmodium falciparum 	Q6F492
HtGene2906	4131		Coatamer protein, beta subunit, putative 	Q8ILG6
HtGene2912	1254		Arginyl-tRNA synthetase, putative (Fragment) 	Q4YBC3
HtGene2914	1068		Ubiquinol-cytochrome c reductase, iron-sulfur 	Q7RCZ2
HtGene2918	3360		ABC transporter, putative OS=Plasmodium 	A5K8F7
HtGene2921	921		Serine/threonine-protein phosphatase OS=Plasmodium 	Q8MX29
HtGene2922	6651		Protein kinase OS=Plasmodium cynomolgi 	K6UMF4
HtGene2928	948		Protein kinase, putative OS=Plasmodium 	A5K7L3
HtGene2931	2481		Putative uncharacterized protein (Fragment) 	Q4YYE1
HtGene2938	2220		Bifunctional aminoacyl-tRNA synthetase, 	A5JZU9
HtGene2941	2058		Cytidine triphosphate synthetase, putative 	B3LAR4
HtGene2943	7995		SNF2 family protein, putative OS=Plasmodium 	B3L7G3
HtGene2950	2841		RNA helicase, putative OS=Plasmodium yoelii 	Q7RA71
HtGene2952	2346		Glucosamine--fructose-6-phosphate aminotransferase, 	B3L212
HtGene2953	1614		Calcium/calmodulin-dependent protein kinase, 	Q8IBU7
HtGene2958	525		Translationally-controlled tumor protein 	Q4XFJ8
HtGene2960	1623		N-acetylglucosaminyl-phosphatidylinositol 	Q8IJ83
HtGene2978	4020		DNA-directed RNA polymerase OS=Plasmodium 	Q8I5X9
HtGene2980	2553		Abc transporter, putative OS=Plasmodium 	Q4Y3B8
HtGene2981	1194		PP2C OS=Plasmodium yoelii yoelii GN=PY01654 	Q7RP07
HtGene2985	1290		RabGDI protein OS=Plasmodium falciparum 	Q8I501
HtGene2986	1539		XPA binding protein 1, putative OS=Plasmodium 	A5K0B6
HtGene2993	741		Purine nucleoside phosphorylase OS=Plasmodium 	D0VWV7
HtGene3000	1569		Aspartyl aminopeptidase, putative (Fragment) 	Q7RJQ3
HtGene3002	1254		Putative uncharacterized protein OS=Plasmodium 	A5KEC2
HtGene3008	1416		ATPase ASNA1 homolog OS=Plasmodium chabaudi 	Q4XST6
HtGene3013	2283		Glutathione synthetase, putative OS=Plasmodium 	B3KZ70
HtGene3014	999		CDK-activating kinase assembly factor, 	Q8I3Y3
HtGene3016	4608		Histone deactylase, putative OS=Plasmodium 	B3L935
HtGene3024	648		Thioredoxin-related protein, putative 	Q8IDH5
HtGene3027	1029		Mitochondrial import inner membrane translocase 	A5K2A6
HtGene3032	2358		Serine--tRNA ligase, cytoplasmic OS=Plasmodium 	Q8I5P7
HtGene3033	2079		Receptor putative OS=Plasmodium knowlesi 	B3LCF3
HtGene3035	2034		DEAD/DEAH box ATP dependent DNA helicase,putative 	B3L794
HtGene3043	1113		TBC domain protein, putative OS=Plasmodium 	Q8IDL4
HtGene3044	1980		N-glycosylase/dna lyase, putative OS=Plasmodium 	B3L2I9
HtGene3051	1896		Flavoprotein subunit of succinate dehydrogenase 	Q8IJ66
HtGene3053	1635		Phenylalanyl-tRNA synthetase alpha chain, 	Q8I5A1
HtGene3066	1437		RuvB DNA helicase OS=Plasmodium cynomolgi 	K6USV7
HtGene3080	1002		CPW-WPC family protein OS=Plasmodium yoelii 	N0DP28
HtGene3084	3444		ClpB protein, putative OS=Plasmodium falciparum 	Q8IB03
HtGene3087	4575		ATP dependent RNA helicase, putative OS=Plasmodium 	Q4YU20
HtGene3089	561		S-adenosylmethionine-dependent methyltransferase, 	A5K9D6
HtGene3093	684		Proteasome subunit alpha type 2, putative 	B3L7X1
HtGene3097	7155		Acetyl-CoA transporter, putative OS=Plasmodium 	Q8IJ40
HtGene3098	1182		Pfemp3-like protein, putative OS=Plasmodium 	Q4YU17
HtGene3099	1488		Geranylgeranyltransferase, putative OS=Plasmodium 	C6KSM5
HtGene3103	1437		Deoxyhypusine synthase, putative OS=Plasmodium 	B3LAN9
HtGene3104	3192		ATPase, AAA family, putative OS=Plasmodium 	Q7RPB2
HtGene3105	1095		Glycylpeptide N-tetradecanoyltransferase 	Q9U419
HtGene3114	5709		Similar to Plasmodium berghei heat shock 	Q7PDM3
HtGene3115	3192		Gamma-adaptin, putative OS=Plasmodium 	Q4YUA2
HtGene3118	1131		DNA-damage inducible protein (Fragment) 	K6UEM3
HtGene3125	612		Myosin A tail domain interacting protein 	A5K8W6
HtGene3132	604		Delta-aminolevulinic acid dehydratase 	Q9U0R8
HtGene3156	990		Ran-binding protein OS=Plasmodium falciparum 	Q8WT07
HtGene3169	2979		Rhoptry-associated protein 1 (Fragment) 	D7NSW5
HtGene3172	2793		Myb2 protein, putative OS=Plasmodium knowlesi 	B3L299
HtGene3182	2826		Phosphatidylinositol-glycan biosynthesis 	Q8I5R4
HtGene3205	5007		Conserved protein OS=Plasmodium falciparum 	Q8I4Z1
HtGene3206	2868		Glucose inhibited division protein A homologue,putative 	B3LD81
HtGene3208	4554		Putative uncharacterized protein OS=Plasmodium 	A5JZ80
HtGene3212	1092		Ferredoxin NADP reductase OS=Plasmodium 	C6KT68
HtGene3214	777	18S	Putative uncharacterized protein OS=Medicago 	G7K0D2
HtGene3215	468	28S	Putative uncharacterized protein OS=Daphnia 	E9I737
HtGene3216	1380		Protein disulfide isomerase OS=Plasmodium 	Q2XQR5
HtGene3218	6603		DNA polymerase OS=Plasmodium knowlesi 	B3L2D0
HtGene3227	1506		Eukaryotic translation initiation factor 	K6UM43
HtGene3249	1377		DNA replication licensing factor OS=Plasmodium 	K6UIS8
HtGene3259	2811		Uncharacterized protein OS=Plasmodium 	Q7RCA2
HtGene3262	3288		Phosphatidylinositol 3-and 4-kinase, putative 	B3L484
HtGene3264	951		Sequestrin, putative (Fragment) OS=Plasmodium 	Q4YNY0
HtGene3270	4587		Serine/Threonine protein kinase, FIKK 	C0H4R8
HtGene3273	5598		Phosphatidylinositol 3-kinase, putative 	Q8I3V5
HtGene3275	2235		GTP-binding protein, putative (Fragment) 	Q4XYH3
HtGene3280	2487		ROI kinase-like protein, putative OS=Plasmodium 	B3L1M7
HtGene3285	3951		Putative uncharacterized protein OS=Plasmodium 	Q4Y7N7
HtGene3292	5235		Neutral-sphingomyelinase activation factor 	Q8IIC2
HtGene3299	2016		Exosome complex exonuclease, putative 	A5K2Q0
HtGene3300	2316		Aldo-keto reductase, putative OS=Plasmodium 	Q8ID61
HtGene3301	498		DNA-directed RNA polymerase II 23 kDa 	K6VD48
HtGene3302	8073		DNA polymerase epsilon, catalytic subunit 	C6KTD8
HtGene3305	1374		Putative uncharacterized protein OS=Plasmodium 	Q4Z259
HtGene3325	447		60S ribosomal protein L27a, putative OS=Plasmodium 	B3L7M5
HtGene3326	4578		DNA topoisomerase 2 OS=Plasmodium falciparum 	Q8ILC8
HtGene3331	822		Proteasome subunit beta type OS=Plasmodium 	Q7RRC5
HtGene3332	1518		Tubulin gamma chain OS=Plasmodium chabaudi 	Q4XZL6
HtGene3336	9349		Ubiquitin carboxyl-terminal hydrolase 	K6UPQ5
HtGene3342	3147		DNA GyrAse a-subunit OS=Plasmodium cynomolgi 	K6VI82
HtGene3346	3420		TBC domain containing protein OS=Plasmodium 	K6UJ68
HtGene3358	2991		PP-loop family protein, putative OS=Plasmodium 	C6KSW9
HtGene3375	813		Adenylate kinase 1 OS=Plasmodium falciparum 	Q964H2
HtGene3379	1371		Putative uncharacterized protein OS=Plasmodium 	Q4Y1V4
HtGene3380	1284		Transcription initiation factor TFIIB, 	Q4YT43
HtGene3396	3750		MAC/Perforin domain containing protein 	A5K5Q7
HtGene3400	768		CPW-WPC family protein OS=Plasmodium falciparum 	C6KTD5
HtGene3405	1575		Uncharacterized protein OS=Plasmodium 	K6UXT0
HtGene3408	618		60S ribosomal protein L6, putative OS=Plasmodium 	Q8IE85
HtGene3415	639		Cytidine and deoxycytidylate deaminase, 	Q8IDK5
HtGene3416	2076		Asparagine-rich protein, putative OS=Plasmodium 	Q7RAT7
HtGene3430	6042		Erythrocyte membrane-associated antigen,putative 	B3KYX9
HtGene3433	573		40S ribosomal protein S8 (Fragment) OS=Cavia 	H0UUK1
HtGene3438	2277		Protein kinase, putative (Fragment) OS=Plasmodium 	B3L522
HtGene3440	3510		Splicing factor, putative OS=Plasmodium 	Q4YZD5
HtGene3443	780		Cdk105, putative OS=Plasmodium falciparum 	Q8IC10
HtGene3449	522		Histidine triad protein, putative OS=Plasmodium 	Q8IL97
HtGene3450	1716		Putative uncharacterized protein OS=Plasmodium 	B3LBC4
HtGene3462	4146		DNA repair exonuclease, putative (Fragment) 	Q4XTN8
HtGene3465	2490		Cell differentiation protein rcd1, putative 	B3L6J3
HtGene3466	1593		Putative uncharacterized protein OS=Plasmodium 	Q4XQ49
HtGene3475	429		DIM1 protein homolog OS=Plasmodium cynomolgi 	K6UN42
HtGene3484	1878		Merozoite surface protein 8 (Fragment) 	I3ZQU9
HtGene3498	1518		Proteasome regulatory component, putative 	B3L8L1
HtGene3499	714		60S ribosomal protein L6, putative OS=Plasmodium 	A5K826
HtGene3501	1218		Elongation factor 1-gamma, putative OS=Plasmodium 	A5K827
HtGene3504	570		40S ribosomal protein S7, putative OS=Plasmodium 	Q8IET7
HtGene3506	4188		Putative uncharacterized protein (Fragment) 	Q4XWT7
HtGene3510	7755		RNA-helicase, putative OS=Plasmodium knowlesi 	B3LA26
HtGene3512	3702		WD-repeat protein, putative OS=Plasmodium 	Q8IAM3
HtGene3517	1263		26S proteasome ATPase subunit OS=Plasmodium 	K6VHD7
HtGene3518	1365		Clathrin-adaptor medium chain, putative 	B3LBS6
HtGene3520	768		Translation initiation factor E4, putative 	O97266
HtGene3523	5559		Cysteine repeat modular protein 2, putative 	Q8IBR8
HtGene3541	408		V-type proton ATPase subunit F OS=Plasmodium 	Q8IHW4
HtGene3543	2811		Replication licensing factor, putative 	Q8IDF0
HtGene3548	1461		CAMP-dependent protein kinase regulatory 	B3LCL9
HtGene3558	1338		Putative uncharacterized protein OS=Plasmodium 	Q8ILD7
HtGene3560	5475		Uncharacterized protein OS=Plasmodium 	K6UCS3
HtGene3571	8406		Diaphanous homolog, putative OS=Plasmodium 	B3L5V3
HtGene3586	1035		RNA helicase, putative (Fragment) OS=Plasmodium 	Q4XZC2
HtGene3587	5274		Endonuclease/exonuclease/phosphatase domain 	K6UCY0
HtGene3589	2757		Kinesin-like protein, putative OS=Plasmodium 	C0H4S3
HtGene3602	1155		Vacuolar ATP synthase subunit C, putative 	A5K9V3
HtGene3603	2881		Helicase, putative OS=Plasmodium knowlesi 	B3L2D7
HtGene3604	2229		Dynamin homologue OS=Plasmodium falciparum 	Q6KF55
HtGene3609	2725		Translation elongation factor G OS=Plasmodium 	Q7RFK0
HtGene3610	7200		DEAD/DEAH box helicase, putative OS=Plasmodium 	Q8I3B4
HtGene3623	2049		Fumarate hydratase OS=Plasmodium gallinaceum 	I2FKD0
HtGene3631	1110		Putative uncharacterized protein OS=Plasmodium 	A5KDY5
HtGene3634	1569		Ser/Arg-rich splicing factor, putative 	Q4XFX6
HtGene3638	1767		Methyltransferase, putative OS=Plasmodium 	B3L5A2
HtGene3642	1122		DNAJ domain protein, putative OS=Plasmodium 	C6KTC7
HtGene3654	1455		Metacaspase 1 OS=Plasmodium vivax PE=4 	G0ZIA6
HtGene3655	3693		Eukaryotic translation initiation factor 	Q4XVN2
HtGene3669	2289		Calcium-dependent protein kinase, putative 	Q8IDV5
HtGene3675	2991		D13 OS=Plasmodium falciparum GN=D13 PE=4 	Q867W4
HtGene3684	1167	Unique1736	null	null
HtGene3695	903		Steroid dehydrogenase, putative OS=Plasmodium 	C0H4B9
HtGene3699	4827		GTP-binding protein, putative OS=Plasmodium 	Q4XUS8
HtGene3702	2970		RNA binding protein, putative OS=Plasmodium 	Q4Y0V6
HtGene3704	1287		Maf-like protein, putative OS=Plasmodium 	Q8I386
HtGene3709	1008		40S ribosomal protein S15A, putative OS=Plasmodium 	B3L443
HtGene3710	1092		PfMPC OS=Plasmodium yoelii yoelii GN=PY00463 	Q7RS99
HtGene3715	3363		Putative erythrocyte binding protein MAEBL 	Q8T7Y1
HtGene3726	798		Putative uncharacterized protein (Fragment) 	Q4YMU6
HtGene3738	4242		DEAD-box subfamily ATP-dependant helicase,putative 	B3L646
HtGene3741	1077		Transcription initiation factor TFiid, 	A5KAY9
HtGene3742	609		60S ribosomal subunit protein L24, putative 	B3L6K9
HtGene3752	3336		Ubiquitin-activating enzyme E1, putative 	Q8I5F9
HtGene3757	570		Conserved protein OS=Plasmodium falciparum 	Q8II87
HtGene3763	4137		Iron-sulfur assembly protein, sufD, putative 	Q8IIW9
HtGene3772	6057		Asparagine/aspartate rich protein, putative 	Q8I586
HtGene3779	2187		Serine/threonine-protein kinase prp4 homolog 	Q7RKH5
HtGene3784	3654		Helicase, putative (Fragment) OS=Plasmodium 	Q4Y133
HtGene3797	6168		ATP-dependant helicase, putative (Fragment) 	Q4YZW8
HtGene3820	4482		Insulinase, putative OS=Plasmodium yoelii 	Q7RGW4
HtGene3822	2109		Transporter, putative OS=Plasmodium berghei 	Q4Z331
HtGene3843	4071		Patched family protein, putative OS=Plasmodium 	B3KZK0
HtGene3845	2049		Conserved hypothetical malaria antigen 	Q4Y1C6
HtGene3855	3222		2-oxoglutarate dehydrogenase e1 component, 	I2FKD2
HtGene3864	492		40S ribosomal protein S9, putative OS=Plasmodium 	Q8I3R0
HtGene3868	1812		tRNA (guanine(37)-N1)-methyltransferase 	B3L2G0
HtGene3874	1152		Eukaryotic translation initiation factor 	Q8IBT2
HtGene3877	2019		Eukaryotic translation initiation factor 	A5K1W2
HtGene3892	1212		Putative uncharacterized protein OS=Plasmodium 	A5K3X2
HtGene3893	2964		Heat shock protein, putative OS=Plasmodium 	B3L9X8
HtGene3894	2124		Conserved Plasmodium membrane protein 	Q8II12
HtGene3900	984		SNARE protein OS=Plasmodium falciparum 	Q0ZAF1
HtGene3909	1845		Uncharacterized protein OS=Plasmodium 	Q7RM44
HtGene3911	1275		DNA-directed RNA polymerase I (Fragment) 	K6UWE9
HtGene3920	2151		Eukaryotic translation initiation factor 	Q8I3T1
HtGene3926	5004		ATP-dependent phosphofructokinase, putative 	Q8II80
HtGene3930	3324		10b antigen, putative (Fragment) OS=Plasmodium 	Q4XQH2
HtGene3937	1623		Wd-40 repeat protein msi1 OS=Plasmodium 	Q7RQQ0
HtGene3945	1521		Cytochrome b (Fragment) OS=Haemoproteus 	G8IIM3
HtGene3946	684		Cytochrome c oxidase subunit 1 (Fragment) 	B2C420
HtGene3948	1752		Glycerol-3-phosphate acyltransferase OS=Plasmodium 	Q9BHA5
HtGene3961	2787		Hepatocellular carcinoma-associated antigen 	Q4YWW2
HtGene3962	831		Proteasome activator complex subunit 3, 	A5K6E7
HtGene3968	3921		Cell division cycle ATPase, putative OS=Plasmodium 	Q4YQQ6
HtGene3974	1296		Conserved protein OS=Plasmodium falciparum 	Q8IIV8
HtGene3983	588		Endoplasmic reticulum oxidoreductin, putative 	Q8IIC3
HtGene3996	3126		Cysteine-rich surface protein (Fragment) 	C5HDX5
HtGene3998	1188		Preprocathepsin c, putative OS=Plasmodium 	Q8I0V1
HtGene3999	594		Probable U3 small nucleolar RNA-associated 	Q8I4V5
HtGene4004	1707		CGMP-dependent protein kinase OS=Plasmodium 	Q8MMZ4
HtGene4007	3957		RNA helicase , putative OS=Plasmodium 	Q4Z0G0
HtGene4011	3867		Acid phosphatase OS=Plasmodium cynomolgi 	K6V082
HtGene4012	2043		Polyprenyl synthetase, putative OS=Plasmodium 	Q7RSB5
HtGene4029	3684		Moving junction protein OS=Plasmodium 	Q8IIK5
HtGene4031	2904		GcpE protein, putative OS=Plasmodium berghei 	Q4YU72
HtGene4032	6282		von Willebrand factor type A OS=Shewanella 	F8B742
HtGene4036	1623		ATP synthase subunit beta OS=Plasmodium 	I2FKD9
HtGene4037	1050		Translation initiation factor EIF-2B gamma 	C0H5D7
HtGene4057	4185		Ion channel, putative OS=Plasmodium falciparum 	Q8IKI3
HtGene4058	816		Centrin OS=Plasmodium cynomolgi strain 	K6UT64
HtGene4062	1881		Filament assembling protein, putative 	Q8IAN2
HtGene4074	489		Ribosomal protein L21e, putative OS=Plasmodium 	Q7REC3
HtGene4078	3723		Structural maintenance of chromosomes protein 	Q8I1U7
HtGene4080	426	Unique9	null	null
HtGene4081	711	Unique9	null	null
HtGene4083	5016		Structural maintenance of chromosomes 	A5KB20
HtGene4101	948		Rhoptry-associated protein 3 (Fragment) 	C5HEW9
HtGene4106	2424		RNA helicase, putative OS=Plasmodium falciparum 	Q8IJA4
HtGene4119	1092		Serine/threonine-protein phosphatase OS=Plasmodium 	K6UD23
HtGene4121	951		Heat shock protein, putative OS=Plasmodium 	A5KBZ1
HtGene4125	1239		Arginine n-methyltransferase, putative 	B3LAC9
HtGene4130	1032		N-acetyltransferase, putative OS=Plasmodium 	A5K2C1
HtGene4136	735	CTRP	CTRP adhesive protein (Invasive stage), 	A5K7S5
HtGene4137	4494	CTRP	Circumsporozoite protein/thrombospondin-related 	Q0WYJ9
HtGene4139	2652		Cdc-2 related kinase 3 OS=Plasmodium yoelii 	Q7RHG1
HtGene4158	1776		Holo-(Acyl-carrier protein) synthase, 	Q4Y9L2
HtGene4159	1731		Histone acetyltransferase, putative OS=Plasmodium 	Q8III2
HtGene4160	2016		Putative uncharacterized protein OS=Plasmodium 	Q4YB52
HtGene4175	3627		Asparagine-rich antigen OS=Plasmodium 	K6UEU5
HtGene4178	3735		ERYTHROCYTE MEMBRANE PROTEIN PFEMP3 OS=Plasmodium 	Q7PDP6
HtGene4182	846		Mitochondrial cardiolipin synthase, PfCLS 	C6KSU1
HtGene4190	648		Hypoxanthine phosphoribosyltransferase 	K6UD65
HtGene4198	756		Putative uncharacterized protein OS=Plasmodium 	C6KTC1
HtGene4204	3951		Conserved Plasmodium protein OS=Plasmodium 	Q8I4Y9
HtGene4231	549		Translation initiation factor eIF-1A, 	Q8IHT2
HtGene4234	1842		Asparagine-tRNA ligase, putative OS=Plasmodium 	A5KC04
HtGene4241	1599		Uncharacterized protein OS=Plasmodium 	K6UPP6
HtGene4242	1416		4-hydroxy-3-methylbut-2-enyl diphosphate 	Q4Y2K8
HtGene4258	3642		Putative uncharacterized protein OS=Plasmodium 	Q4Z2X8
HtGene4261	1047		Developmentally regulated GTP-binding 	A5K9B5
HtGene4266	1194		Uroporphyrinogen decarboxylase OS=Plasmodium 	C6KSS1
HtGene4277	3483		Lipase, putative OS=Plasmodium falciparum 	Q8ILJ3
HtGene4280	966		Glycerol-3-phosphate dehydrogenase OS=Plasmodium 	K6UMY6
HtGene4283	2457		T-cell immunomodulatory protein homolog OS=Plasmodium 	Q8I3H7
HtGene4290	1548		Endonuclease III homologue, putative OS=Plasmodium 	C6KSY9
HtGene4292	3291		DNA polymerase OS=Plasmodium falciparum 	Q7KQL4
HtGene4302	4344		Chloroquine resistance marker protein 	Q968T7
HtGene4304	1434		Adenosylhomocysteinase OS=Plasmodium knowlesi 	B3L654
HtGene4305	5049		Ferlin OS=Plasmodium cynomolgi strain 	K6V5V1
HtGene4307	1497		26S proteasome regulatory subunit 4 OS=Plasmodium 	K6UD56
HtGene4315	5034		Ser/Thr protein kinase, putative (Fragment) 	Q4Y3L5
HtGene4329	3090		Asparagine--tRNA ligase, putative OS=Plasmodium 	B3L6C2
HtGene4338	1365		Phosphoinositide-binding protein, putative 	Q8IBP4
HtGene4349	1224		Deoxyhypusine hydroxylase OS=Plasmodium 	Q8I701
HtGene4350	1224		Lipoate-protein ligase, putative OS=Plasmodium 	A5JZD5
HtGene4354	2679		Exoribonuclease, putative OS=Plasmodium 	Q8IDV9
HtGene4359	4668		MORN repeat protein, putative OS=Plasmodium 	Q8I3Z3
HtGene4364	1008		DNA-directed RNA polymerase 2, putative 	Q8I241
HtGene4379	2175		SEL-1 protein, putative OS=Plasmodium 	Q8IKY9
HtGene4381	573		Sporozoite asparagine-rich protein OS=Plasmodium 	Q8IHP9
HtGene4390	3706		Cloroquine resistance associated protein 	A5KA97
HtGene4400	807		Nucleolar protein Nop52, putative OS=Plasmodium 	Q8I2K4
HtGene4412	540		Ubiquitin conjugating enzyme E2, putative 	O97241
HtGene4418	885		RNA-binding protein, putative OS=Plasmodium 	B3L0S1
HtGene4420	1713		tRNA-dihydrouridine synthase A (Fragment) 	K6UD05
HtGene4449	3735		Cg7 protein, putative OS=Plasmodium knowlesi 	B3KZ39
HtGene4451	708		Ribosomal protein L15 OS=Plasmodium cynomolgi 	K6V807
HtGene4452	1566		Putative uncharacterized protein OS=Plasmodium 	Q4Y2D5
HtGene4476	2313		tRNA nucleotidyltransferase, putative 	B3L508
HtGene4497	897		P1 nuclease, putative OS=Plasmodium falciparum 	C0H524
HtGene4502	1915		ATP-dependent RNA Helicase, putative OS=Plasmodium 	Q8I416
HtGene4506	1659		RNA lariat debranching enzyme, putative 	B3L8J0
HtGene4510	2064		Splicing factor OS=Plasmodium cynomolgi 	K6VEV2
HtGene4513	3072		Multidrug resistance protein 2, putative 	B3L9T8
HtGene4516	1947		Coronin (Fragment) OS=Plasmodium chabaudi 	Q4XZT7
HtGene4522	2121		CGI-201 protein, short form, putative 	Q4XLH2
HtGene4537	597		Aspartate carbamoyltransferase, putative 	Q4Y1K5
HtGene4539	2052		Zinc finger protein, putative OS=Plasmodium 	Q4YTI4
HtGene4549	1821		Drosophila melanogaster BcDNA.GH02833 	Q7RFI2
HtGene4560	1251		ATP-dependent RNA helicase, putative OS=Plasmodium 	B3LAI7
HtGene4561	1902		ATP-dependent RNA Helicase, putative OS=Plasmodium 	Q8ILQ9
HtGene4571	738		Conserved Plasmodium membrane protein 	Q8I5Q7
HtGene4572	639		Thioredoxin peroxidase, putative OS=Plasmodium 	Q4Y8C8
HtGene4573	1632		Malate:quinone oxidoreductase, putative 	C6KT09
HtGene4575	2880		RNA recognition motif, putative OS=Plasmodium 	Q8I3V8
HtGene4576	3408		Snrnp protein, putative OS=Plasmodium 	Q8I0W7
HtGene4581	1188		Protein phosphatases PP1 regulatory subunit 	A5KDW9
HtGene4582	912		Protein phosphatase-1 regulatory subunit 	Q7RLE6
HtGene4595	1245		tRNA-dihydrouridine synthase OS=Plasmodium 	A5K1E0
HtGene4603	1473		Monocarboxylate transporter, putative 	C0H564
HtGene4607	2175		Exported serine/threonine protein kinase, 	Q4YTU8
HtGene4614	1812		Farnesyltransferase beta subunit, putative 	Q4Y943
HtGene4615	3525		Structural maintenance of chromosomes protein 	Q8IED2
HtGene4619	2172		Putative uncharacterized protein (Fragment) 	Q4XAC4
HtGene4622	1275		Phospholipid or glycerol acyltransferase, 	Q8I310
HtGene4639	1041		Putative uncharacterized protein OS=Plasmodium 	Q4XUG1
HtGene4646	2427		Protein phosphatase 2C (Fragment) OS=Plasmodium 	K6UWB7
HtGene4653	2181		Phospholipase DDHD1, putative OS=Plasmodium 	A5JZN5
HtGene4659	2145		Phosphatidate cytidylyltransferase OS=Plasmodium 	Q9NIH5
HtGene4668	1605		Syntaxin binding protein, putative OS=Plasmodium 	C6KSX9
HtGene4675	1245		Asparagine synthase (Fragment) OS=Plasmodium 	K6VEX4
HtGene4676	2721		Extragenic suppressor of the bimD6 mutation-related 	Q7RP87
HtGene4693	2622		Sequestrin, putative (Fragment) OS=Plasmodium 	Q4YNY0
HtGene4694	2790		Heat shock protein 90, putative OS=Plasmodium 	Q4X2E7
HtGene4704	1707		Vacuolar protein sorting-associated protein 	A5KBW0
HtGene4718	1299		5'-3' exonuclease, N-terminal resolvase,putative 	B3L0W4
HtGene4720	1635		Diacylglycerol kinase, putative OS=Plasmodium 	A5K344
HtGene4724	2952		Notchless-related OS=Plasmodium yoelii 	Q7RLE7
HtGene4759	441		Multiprotein bridging factor type 1, putative 	Q8II81
HtGene4768	2967		Kinesin motor domain containing protein 	B3LD98
HtGene4769	2838		Transcription factor Tfb2, putative OS=Plasmodium 	Q8I4Y8
HtGene4785	774		Dolichyl-phosphate b-D-mannosyltransferase, 	A5K574
HtGene4794	1665		GTPase activator, putative OS=Plasmodium 	Q8IAP4
HtGene4796	381		60S ribosomal protein L19, putative OS=Plasmodium 	A5K1Y3
HtGene4813	2082		F-box domain, putative OS=Plasmodium yoelii 	Q7RB33
HtGene4835	2076		Phenylalanyl-tRNA synthetase beta chain, 	Q8I246
HtGene4838	825		Proteasome subunit beta type OS=Plasmodium 	Q4YZX3
HtGene4863	738		Serine/threonine protein kinase OS=Plasmodium 	K6UE01
HtGene4883	729		Eukaryotic translation initiation factor 	Q8IAZ3
HtGene4891	2535		Cactin gene product OS=Plasmodium yoelii 	Q7RRC6
HtGene4901	993		Ferrochelatase OS=Plasmodium falciparum 	Q8IFR0
HtGene4913	1758		Putative uncharacterized protein OS=Plasmodium 	Q4XEJ4
HtGene4916	930		Proteasome, putative OS=Plasmodium chabaudi 	Q4Y495
HtGene4927	982		Protein kinase, putative OS=Plasmodium 	B3L5T1
HtGene4938	1405		Eukaryotic DNA topoisomerase I, DNA binding, 	Q7RE42
HtGene4957	1923		MAC/perforin, putative OS=Plasmodium knowlesi 	B3L199
HtGene4968	804		Adenylate kinase, putative OS=Plasmodium 	A5KEC3
HtGene4971	753		2,3-bisphosphoglycerate-dependent phosphoglycerate 	A5K4L4
HtGene4979	2316		Translation initiation factor IF-2, putative 	B3L7Y7
HtGene4981	1086		Ubiquitin activating enzyme, putative 	B3LD25
HtGene4987	1524		Putative uncharacterized protein OS=Plasmodium 	Q8IKG2
HtGene5009	1089		U5 snrnp-specific protein, putative OS=Plasmodium 	C0H4X1
HtGene5014	1512		Drosophila melanogaster CG1109 gene product 	Q7RMG0
HtGene5046	1461		Zinc finger protein OS=Plasmodium cynomolgi 	K6VA78
HtGene5058	894		Transcription initiation TFIID-like, putative 	Q8ILH6
HtGene5066	993		Chromatin assembly protein (ASF1), putative 	A5K045
HtGene5073	1806		Phenylalanine--trna ligase, putative OS=Plasmodium 	B3L4J2
HtGene5082	2298		ATP-dependent RNA Helicase (Fragment) 	K6UD77
HtGene5104	1200		Cytidine and deoxycytidylate deaminase 	Q4YPL2
HtGene5115	786		ATP synthase subunit gamma OS=Plasmodium 	B3LBS5
HtGene5124	1842		Putative uncharacterized protein OS=Plasmodium 	Q8IAL3
HtGene5149	1428		G-protein coupled receptor, putative OS=Plasmodium 	Q8I3L1
HtGene5152	513		Putative Rab7 GTPase OS=Plasmodium falciparum 	Q9NFG0
HtGene5156	357		60S ribosomal protein L31, putative OS=Plasmodium 	Q8I463
HtGene5166	1116		26S proteasome regulatory complex subunit, 	A5K4V3
HtGene5182	2245		Pyruvate kinase OS=Plasmodium vivax (strain 	A5KDT6
HtGene5186	735		Uncharacterized protein OS=Plasmodium 	Q7RNU9
HtGene5199	573		Signal peptidase, putative OS=Plasmodium 	Q8I3A5
HtGene5201	1200		Conserved Plasmodium protein OS=Plasmodium 	Q8I5V5
HtGene5232	897		Peptidyl-prolyl cis-trans isomerase OS=Plasmodium 	Q7RSH5
HtGene5259	1290		Cyclophilin (Fragment) OS=Plasmodium cynomolgi 	K6UUA0
HtGene5262	1284		Topoisomerase I OS=Plasmodium falciparum 	Q8I3Z9
HtGene5267	1950		Glutamate dehydrogenase-related OS=Plasmodium 	Q7RIC4
HtGene5273	906		F-actin capping protein beta subunit, 	B3L692
HtGene5293	1320		Cdk7, putative OS=Plasmodium knowlesi 	B3L3T7
HtGene5306	1191		Transmission-blocking target antigen Pfs230 	D3YHT1
HtGene5312	1344		Thioredoxin-like protein OS=Plasmodium 	Q8IBS1
HtGene5328	420		60S ribosomal protein L23 OS=Plasmodium 	Q7R814
HtGene5334	1831		Protein kinase domain containing protein 	A5K4M5
HtGene5366	528		Camp-dependent protein kinase catalytic 	B3L322
HtGene5382	432		Putative uncharacterized protein OS=Plasmodium 	A5K7J2
HtGene5408	1059		Triose phosphate transporter OS=Plasmodium 	Q8I420
HtGene5420	345		Rab2 gtpase, putative OS=Plasmodium knowlesi 	B3LCV2
HtGene5427	1413		Replication factor A-related protein OS=Plasmodium 	K6URB9
HtGene5474	1656		Autoantigen ngp-1 OS=Plasmodium yoelii 	Q7RTH4
HtGene5477	1236		Methyltransferase, putative OS=Plasmodium 	Q8IJC4
HtGene5510	1242		Conserved protein OS=Plasmodium falciparum 	Q8IJY7
HtGene5546	1446		Stearoyl-CoA desaturase (Acyl-CoA desaturase, 	A5K9P4
HtGene5563	1062		Myo-inositol 1-phosphate synthase, putative 	Q8I3Y8
HtGene5567	520		Putative uncharacterized protein OS=Plasmodium 	Q4Z0U5
HtGene5642	1359		Putative uncharacterized protein OS=Plasmodium 	B3L1L3
HtGene5689	675		Signal peptidase, putative OS=Plasmodium 	Q4XV54
HtGene5720	690		Phosphoinositide-binding protein, putative 	Q8IBP4
HtGene5732	1314		Phosphatidylinositol 3-and 4-kinase, putative 	A5K647
HtGene5738	729		Cytochrome c oxidase assembly protein 	I2FKD7
HtGene5773	342		Clathrin assembly protein AP19, putative 	Q8III7
HtGene5793	642		Proteasome component C8, putative OS=Plasmodium 	O77396
HtGene5837	856		Protein kinase, putative OS=Plasmodium 	Q4XQ94
HtGene5866	909		Adenine nucleotide translocase OS=Plasmodium 	Q25692
HtGene5888	384		Putative uncharacterized protein OS=Plasmodium 	Q4Z4J5
HtGene5901	1113		10b antigen, putative OS=Plasmodium falciparum 	Q8IJI4
HtGene5905	486		Translation initiation factor eIF-5A OS=Plasmodium 	Q7RQV7
HtGene5932	555		Ubiquitin conjugating enzyme, putative 	Q8IDP1
HtGene5975	1047		PF16 protein, putative OS=Plasmodium berghei 	Q4YZW4
HtGene6076	1096		AAA family ATPase, putative OS=Plasmodium 	Q9U0K7
HtGene6094	1104		Vesicle fusion and protein sorting subunit 	Q8I524
HtGene6101	792		Vesicle transport protein, putative OS=Plasmodium 	B3L325
HtGene6130	588		N-acetyltransferase, putative OS=Plasmodium 	Q4Y7X1
HtGene6136	489		SNAP protein (Soluble N-ethylmaleimide-sensitive 	Q4XM07
HtGene6156	993		Replication factor C, subunit 2, putative 	B3L0H3
HtGene6213	666		Proteasome subunit beta type OS=Plasmodium 	C0H4E8
HtGene6226	820		Cyclophilin, putative OS=Plasmodium falciparum 	Q8ILM0
HtGene6386	675	WARP	Circumsporozoite protein/thrombospondin-related 	Q0WYJ9
